Protein 1,A0A9P5TUV7,,,,,Protein 2,A0A5E3WUH3,,,,,Protein 3,A0A5E3X438,,,,
position,struct_position,amino_acid,aggregation,sasa,transmembrane,position,struct_position,amino_acid,aggregation,sasa,transmembrane,position,struct_position,amino_acid,aggregation,sasa,transmembrane
1,,A,0.01474182605743406,,0.0,1,,P,0.02357615843138771,,0.0,1,,A,0.01572773440420856,,0.0
2,,A,0.014920499920845001,,0.0,2,,K,0.05024127669494187,,0.0,2,,K,0.031258039802923986,,0.0
3,,D,0.013826888157200267,,0.0,3,,P,0.04335261431782172,,0.0,3,,P,0.026231299348546552,,0.0
4,,C,0.013339156199981484,,0.0,4,,C,0.04702568536586109,,0.0,4,,C,0.026611692091728353,,0.0
5,,N,0.013267628537505485,,0.0,5,,K,0.063856263443522,,0.0,5,,D,0.036179277086448525,,0.0
6,,P,0.013700903710893391,,0.0,6,,D,0.07232723358993094,,0.0,6,,D,0.047152460932890446,,0.0
,,,,,,7,,Y,0.08249607405335453,,0.0,7,,Y,0.05182736252472747,,0.0
,,,,,,8,,S,0.08379871568352727,,0.0,8,,S,0.049959487328881814,,0.0
,,,,,,9,,C,0.08670510848363237,,0.0,9,,C,0.049818715518934624,,0.0
,,,,,,10,,Y,0.08044285755180071,,0.0,10,,Y,0.049090513652784724,,0.0
,,,,,,11,,T,0.07367331267220527,,0.0,11,,S,0.05956105490525559,,0.0
,,,,,,12,,D,0.05987316450834135,,0.0,12,,D,0.04787152410087093,,0.0
,,,,,,13,,S,0.053920995010533525,,0.0,13,,S,0.048721364145846206,,0.0
,,,,,,14,,E,0.04273605725526669,,0.0,14,,E,0.045726618176073874,,0.0
,,,,,,15,,Y,0.04427838306983172,,0.0,15,,Y,0.05254902045465613,,0.0
7,,A,0.014297251922319716,,0.0,16,,V,0.050822363300539984,,0.0,16,,V,0.06174774331496637,,0.0
8,,P,0.0149842336437359,,0.0,17,,P,0.04473711649916364,,0.0,17,,P,0.04226342066346354,,0.0
9,,E,0.021209495057155404,,0.0,18,,A,0.07213516433839683,,0.0,18,,A,0.047516953187005086,,0.0
10,,P,0.033612714482478594,,0.0,19,,P,0.09655834833586896,,0.0,19,,P,0.04567321165086465,,0.0
11,,A,0.07919331588054772,,0.0,20,,V,0.13620646993125166,,0.0,20,,V,0.046852414048529044,,0.0
12,,S,0.11465692540899299,,0.0,21,,G,0.14289546708071912,,0.0,21,,S,0.04029727005642291,,0.0
13,,E,0.1274027063883295,,0.0,22,,T,0.1406083544095357,,0.0,22,,D,0.029171680355648235,,0.0
14,,C,0.15927224854628244,,0.0,23,,C,0.13619284232457474,,0.0,23,,C,0.029947341808535036,,0.0
15,,T,0.164661427338918,,1.0E-5,24,,S,0.10839561720689134,,0.0,24,,N,0.02497849165374642,,0.0
16,,T,0.1693399866422017,,1.0E-5,25,,K,0.08728183011213932,,0.0,25,,K,0.030131630092606988,,0.0
17,,G,0.20112062692642207,,1.0E-5,26,,G,0.08343278865019475,,0.0,26,,G,0.06475150782838072,,0.0
18,,P,0.2291881481806437,,1.0E-5,27,,D,0.11527683039506274,,0.0,27,,D,0.10983969071482229,,0.0
19,,I,0.35243683954079946,,2.0E-5,28,,L,0.2197716951370239,,0.0,28,,L,0.2200329121558752,,0.0
20,,Q,0.4445176243782043,,5.0E-5,29,,Q,0.35666932463645934,,0.0,29,,Q,0.35735318428366253,,0.0
21,,C,0.5138432701428731,,8.3E-4,30,,C,0.4865178743998209,,0.0,30,,C,0.4865178743998209,,0.0
22,,C,0.5605004370212555,,0.00121,31,,C,0.5598825285832087,,0.0,31,,C,0.5190183341503144,,0.0
23,,E,0.5182634075482686,,0.00136,32,,N,0.5551540772120157,,0.0,32,,N,0.49143798748652134,,0.0
24,,T,0.4970636904239654,,0.00186,33,,Q,0.523919207851092,,0.0,33,,Q,0.44785527189572655,,0.0
25,,V,0.4350075274705887,,0.00309,34,,V,0.41868788699309034,,0.0,34,,V,0.3392251680294673,,0.0
26,,E,0.3175435533126195,,0.00333,35,,Q,0.2870553652445475,,0.0,35,,Q,0.20536943674087518,,0.0
27,,C,0.2813593327999115,,0.00447,36,,S,0.16670946677525836,,0.0,36,,P,0.07650664250055945,,0.0
28,,G,0.23121128678321837,,0.0052,37,,A,0.09660914738972977,,0.0,37,,A,0.04932466646035508,,0.0
29,,T,0.20995511511961618,,0.00549,38,,K,0.07588485380013779,,0.0,38,,N,0.0481532623370488,,0.0
30,,L,0.17818098763624823,,0.00595,39,,T,0.06462915241718288,,0.0,39,,T,0.049245407183964994,,0.0
31,,P,0.13205553690592445,,0.00611,40,,V,0.0733724971612294,,0.0,40,,V,0.06138753493626906,,0.0
,,,,,,41,,D,0.07044786711533858,,0.0,41,,D,0.08814574480056758,,0.0
,,,,,,42,,F,0.06250328421592707,,0.0,42,,F,0.09012773533662155,,0.0
,,,,,,43,,E,0.05347567498683925,,0.0,43,,E,0.07673248946666712,,0.0
,,,,,,44,,Q,0.04342855215072627,,0.0,44,,Q,0.0690836499134699,,0.0
,,,,,,45,,F,0.04717210332552587,,0.0,45,,F,0.06722613076368963,,0.0
32,,S,0.21890701353549954,,0.00644,46,,K,0.07749604781468704,,0.0,46,,A,0.06137363513310746,,0.0
33,,V,0.2732255826393763,,0.00717,47,,A,0.08765187263488765,,0.0,47,,D,0.036260893940925555,,0.0
34,,S,0.32936131457487744,,0.00755,48,,S,0.1253135005633036,,0.0,48,,S,0.06945118804772692,,0.0
35,,T,0.45037655532360077,,0.00812,49,,E,0.1933591783046722,,0.0,49,,E,0.1288737555344899,,0.0
36,,I,0.5584696382284164,,0.00908,50,,I,0.29998394151528673,,0.0,50,,V,0.23514597713947294,,0.0
37,,L,0.6367005189259847,,0.00939,51,,Y,0.29973240693410236,,0.0,51,,Y,0.2404955128828684,,1.0E-5
38,,S,0.6868699103593826,,0.00979,52,,E,0.25887153446674344,,1.0E-5,52,,E,0.25271248718102773,,1.0E-5
39,,L,0.733847713470459,,0.01186,53,,L,0.25229342083136236,,1.0E-5,53,,L,0.32220031718413034,,1.0E-5
40,,L,0.811866216858228,,0.01458,54,,I,0.21116231897637286,,1.0E-5,54,,I,0.3002252211173375,,2.0E-5
41,,G,0.7893897861242293,,0.01669,55,,P,0.13997940806802942,,2.0E-5,55,,P,0.2415399187045599,,2.0E-5
42,,I,0.6752942015727362,,0.02923,56,,N,0.03273118950431426,,3.0E-5,56,,N,0.13761352630826876,,3.0E-5
43,,V,0.5677492441650732,,0.0309,57,,A,0.026099346255311167,,4.0E-5,57,,I,0.13111813100549624,,5.0E-5
44,,L,0.4232653995786071,,0.03114,58,,L,0.023453158159342482,,5.0E-5,58,,L,0.1115705362637527,,5.0E-5
45,,P,0.2800515157941163,,0.02985,59,,R,0.015577275311625236,,5.0E-5,59,,R,0.03543764541979419,,6.0E-5
46,,D,0.1430286680779242,,0.0306,60,,G,0.019159577850526414,,6.0E-5,60,,G,0.02292559832767434,,6.0E-5
47,,P,0.06778722654992177,,0.05173,61,,S,0.023462406668174136,,6.0E-5,61,,S,0.02566741663279871,,7.0E-5
48,,D,0.20912748824769092,,0.07522,62,,N,0.03281261084539434,,6.0E-5,62,,N,0.03294905879162491,,7.0E-5
49,,I,0.3597004436656713,,0.26575,63,,A,0.04788742023768764,,8.0E-5,63,,A,0.04788742023768764,,8.0E-5
50,,L,0.5084252103852653,,0.30429,64,,P,0.11898119125404867,,8.0E-5,64,,P,0.11898119125404867,,8.0E-5
51,,I,0.636527807728271,,0.30555,65,,V,0.23729798396428423,,8.0E-5,65,,V,0.23729798396428423,,8.0E-5
52,,G,0.6756789147853851,,0.30549,66,,G,0.255192224184672,,8.0E-5,66,,G,0.255192224184672,,8.0E-5
53,,F,0.6836413145065308,,0.30543,67,,L,0.26198207437992094,,8.0E-5,67,,L,0.2716426561276118,,8.0E-5
54,,T,0.5586944649616877,,0.30506,68,,A,0.28462557295958196,,8.0E-5,68,,A,0.32708820203940075,,8.0E-5
55,,C,0.433568255106608,,0.3047,69,,C,0.32293470700581867,,8.0E-5,69,,C,0.42036411960919695,,8.0E-5
56,,T,0.30893032749493915,,0.30446,70,,S,0.2565643300612767,,8.0E-5,70,,S,0.36050659828033527,,8.0E-5
57,,P,0.23788496553897853,,0.30435,71,,P,0.14307814041773476,,8.0E-5,71,,P,0.2758838676175704,,8.0E-5
58,,L,0.32757456004619595,,0.30432,72,,L,0.13295842607816058,,8.0E-5,72,,I,0.2829306078713368,,8.0E-5
59,,S,0.4246592799822489,,0.30395,73,,I,0.12420897086461384,,8.0E-5,73,,I,0.263160485972791,,7.0E-5
60,,L,0.49190776149431864,,0.30387,74,,A,0.09342813491821285,,8.0E-5,74,,N,0.19914114366705082,,6.0E-5
61,,F,0.5641043841838836,,0.30359,75,,D,0.047551682591438243,,5.0E-5,75,,D,0.09179178467129528,,5.0E-5
62,,I,0.6099623590707779,,0.30163,76,,T,0.059986308217048596,,5.0E-5,76,,L,0.08193992255219196,,5.0E-5
63,,G,0.5972867329915365,,0.29838,77,,S,0.10037543972333267,,4.0E-5,77,,S,0.06330359938862477,,4.0E-5
64,,L,0.5315411398808161,,0.29514,,,,,,,,,,,,
65,,H,0.45196566383043923,,0.27643,78,,G,0.18131677409013106,,4.0E-5,78,,G,0.04124188287181213,,4.0E-5
66,,S,0.39922809700171147,,0.27135,79,,G,0.26590139567852017,,4.0E-5,79,,G,0.047403973298787566,,3.0E-5
67,,F,0.33874407410621643,,0.25713,80,,V,0.3266270041465759,,3.0E-5,80,,A,0.05208449463049567,,2.0E-5
68,,S,0.29130522112051643,,0.20125,81,,Q,0.3268978357315063,,2.0E-5,81,,Q,0.062289560834566715,,1.0E-5
69,,C,0.26366065740585326,,0.11513,82,,C,0.34313367406527195,,1.0E-5,82,,C,0.10860407054424281,,1.0E-5
70,,S,0.23189899126688632,,0.07446,83,,N,0.371974175175031,,2.0E-5,83,,N,0.1774497310320536,,1.0E-5
71,,S,0.25268492798010506,,0.05762,84,,Q,0.41882293423016864,,1.0E-5,84,,Q,0.30818856954574586,,1.0E-5
72,,A,0.3554531107346217,,0.01493,,,,,,,,,,,,
73,,Q,0.46154622336228684,,0.00119,85,,Q,0.48222529391447705,,2.0E-5,85,,Q,0.4496475676695506,,1.0E-5
74,,A,0.5930853535731633,,0.00106,86,,A,0.5621758570273717,,2.0E-5,86,,T,0.5628261625766754,,1.0E-5
75,,V,0.727863825360934,,9.5E-4,87,,V,0.6551016449928283,,2.0E-5,87,,V,0.6523238390684127,,2.0E-5
76,,C,0.7492523372173309,,7.2E-4,88,,C,0.6525083204110463,,2.0E-5,88,,C,0.6354254752397538,,2.0E-5
77,,C,0.681906349460284,,6.2E-4,89,,C,0.5977129062016805,,2.0E-5,89,,C,0.5707868973414103,,2.0E-5
78,,V,0.5460914152604043,,5.0E-4,90,,D,0.4696932514508565,,2.0E-5,90,,D,0.44471375942230223,,2.0E-5
79,,D,0.4059373356642027,,7.0E-5,91,,G,0.34140319327513374,,2.0E-5,91,,G,0.318149678905805,,2.0E-5
80,,N,0.2886368500929771,,5.0E-5,92,,G,0.23927418490250907,,2.0E-5,92,,G,0.23927418490250907,,2.0E-5
81,,E,0.16161319392340368,,4.0E-5,93,,H,0.20668506324291225,,2.0E-5,93,,H,0.20668506324291225,,2.0E-5
82,,Y,0.1719724255543648,,4.0E-5,94,,F,0.20032025178273516,,2.0E-5,94,,F,0.20032025178273516,,2.0E-5
83,,S,0.2954762347282667,,4.0E-5,95,,S,0.2594740033149719,,2.0E-5,95,,S,0.2594740033149719,,2.0E-5
84,,G,0.4427682240804036,,3.0E-5,96,,G,0.33335447013378144,,2.0E-5,96,,G,0.33335447013378144,,2.0E-5
85,,L,0.5957233766714731,,3.0E-5,97,,L,0.4470786392688751,,2.0E-5,97,,L,0.4470786392688751,,2.0E-5
86,,I,0.713754700620969,,3.0E-5,98,,F,0.49395291904608407,,2.0E-5,98,,F,0.49395291904608407,,2.0E-5
87,,A,0.8136170715093612,,3.0E-5,99,,S,0.49260809123516086,,2.0E-5,99,,S,0.49260809123516086,,2.0E-5
88,,I,0.8857503404219945,,3.0E-5,100,,V,0.5616431295871734,,2.0E-5,100,,V,0.5616431295871734,,2.0E-5
89,,D,0.8766462196906408,,2.0E-5,101,,N,0.5101707249879837,,2.0E-5,101,,N,0.5101707249879837,,2.0E-5
90,,C,0.8691567885875703,,2.0E-5,102,,C,0.5065920495986937,,2.0E-5,102,,C,0.5065920495986937,,2.0E-5
91,,V,0.8500375375151634,,2.0E-5,103,,N,0.4257612079381943,,2.0E-5,103,,N,0.4257612079381943,,2.0E-5
92,,P,0.8193777501583099,,2.0E-5,104,,A,0.38919060428937274,,2.0E-5,104,,A,0.38919060428937274,,1.0E-5
93,,V,0.8416690349578857,,2.0E-5,105,,F,0.37663369774818417,,1.0E-5,105,,F,0.37663369774818417,,1.0E-5
94,,I,0.795841658115387,,0.0,106,,N,0.17748759984970086,,0.0,106,,N,0.17748759984970086,,0.0
