Protein 1,EAS,,,,,Protein 2,MPG1,,,,,Protein 3,SC16,,,,
position,struct_position,amino_acid,aggregation,sasa,transmembrane,position,struct_position,amino_acid,aggregation,sasa,transmembrane,position,struct_position,amino_acid,aggregation,sasa,transmembrane
,,,,,,,,,,,,1,,K,0.09063016772270199,,0.0
,,,,,,,,,,,,2,,A,0.06501500010490413,,0.0
,,,,,,,,,,,,3,,M,0.054368329048156694,,0.0
,,,,,,1,A7,G,0.033568489551544164,0.83721,0.0,4,,A,0.05345948040485377,,0.0
,,,,,,2,A8,E,0.03795901834964749,0.64251,0.0,5,,D,0.053690303564071604,,0.0
,,,,,,3,A9,G,0.06391212741533911,0.48837,0.0,6,,I,0.08416050573190048,,0.0
,,,,,,4,A10,P,0.08522612899541851,0.53571,0.0,7,,G,0.08906361361344652,,0.0
1,A1,A,0.10956066250801082,0.93043,0.0,5,A11,S,0.11400809526443476,0.26429,0.0,8,,S,0.09818480014801022,,0.0
2,A2,T,0.09311988055706018,0.41463,0.0,6,A12,V,0.1101190586884816,0.01242,0.0,9,,T,0.09664571682612096,,0.0
3,A3,T,0.08679866592089329,0.58537,0.0,7,A13,S,0.10795166691144302,0.19286,0.0,10,,A,0.09129944564580601,,0.0
4,A4,I,0.08074834109665965,0.0107,0.0,8,A14,M,0.1085702886184056,0.67619,0.0,11,,V,0.08457041120570159,,0.0
,,,,,,,,,,,,12,,P,0.0481437500840608,,0.0
,,,,,,,,,,,,13,,R,0.03144438936260482,,0.0
,,,,,,,,,,,,14,,D,0.020811084647448255,,0.0
,,,,,,,,,,,,15,,V,0.02270372583416243,,0.0
,,,,,,,,,,,,16,,N,0.022296717288766824,,0.0
,,,,,,,,,,,,17,,G,0.02263734217494853,,0.0
,,,,,,,,,,,,18,,G,0.02340936812524883,,0.0
,,,,,,,,,,,,19,A11,T,0.030177094905350976,1.0,0.0
5,A5,G,0.07518263984777143,0.19767,0.0,9,A15,A,0.09383653998374934,0.12174,0.0,20,A12,P,0.03224065501563014,0.62857,0.0
6,A6,P,0.08399226606767717,0.59286,0.0,10,A16,Q,0.07430441081523889,0.16827,0.0,21,A13,P,0.03976163763873042,0.97857,0.0
7,A7,N,0.12181934754929287,0.66304,0.0,11,A17,Q,0.0405621190865834,0.74519,0.0,22,A14,K,0.06100993751557928,0.76577,0.0
8,A8,T,0.13147607983034196,0.36585,0.0,12,A18,K,0.031166220704714406,0.61712,0.0,23,A15,S,0.07572685043978705,0.41429,0.0
9,A9,C,0.12747388920070077,0.26174,0.0,13,A19,C,0.033827383319536795,0.21477,0.0,24,A16,C,0.09190716003370952,0.12081,0.0
10,A10,S,0.11978985820978776,0.62143,0.0,14,A20,G,0.04114828407764429,0.39535,0.0,25,A17,S,0.09929527106081269,0.90714,0.0
11,A11,I,0.11254415284344453,0.63636,0.0,15,A21,A,0.060642594099044746,0.8087,0.0,26,A18,S,0.12657177348931628,0.40714,0.0
12,A12,D,0.09430800236908299,0.52353,0.0,16,A22,E,0.09705684979756668,0.68116,0.0,27,A19,G,0.2492655406395594,0.63953,0.0
13,A13,D,0.04548821804570855,0.77059,0.0,17,A23,K,0.20355474750200905,0.27477,0.0,28,A20,P,0.3746560126543044,0.37857,0.0
14,A14,Y,0.03971448498614332,0.19844,0.0,18,A24,V,0.3403583894173304,0.04348,0.0,29,A21,V,0.5020221014817555,0.09317,0.0
15,A15,K,0.05230016368277571,0.22973,0.0,19,A25,V,0.4376001745462417,0.02484,0.0,,,,,,
16,A16,P,0.08434772593654993,0.16429,1.0E-5,20,A26,S,0.4722998927036921,0.0,0.0,,,,,,
17,A17,Y,0.20651863999067546,0.0,3.0E-5,,,,,,,30,A22,Y,0.5458684970935186,0.07782,0.0
18,A18,C,0.28004786670207976,0.04027,3.0E-5,21,A27,C,0.48399461905161534,0.02013,0.0,31,A23,C,0.5673044423262278,0.1745,0.0
19,A19,C,0.29106380045413965,0.09396,4.0E-5,22,A28,C,0.4494586298863093,0.01342,0.0,32,A24,C,0.5354885707298914,0.0,0.0
20,A20,Q,0.27748847504456836,0.44712,9.0E-5,23,A29,N,0.34632783035437265,0.23913,0.0,33,A25,N,0.4064923922220866,0.67391,0.0
,,,,,,,,,,,,34,A26,K,0.2624184755607226,0.45495,0.0
,,,,,,,,,,,,35,A27,T,0.1274085052931089,0.21951,0.0
,,,,,,,,,,,,36,A28,E,0.08265529653666207,0.11111,0.0
,,,,,,,,,,,,37,A29,D,0.05204118471580534,0.38824,0.0
21,A21,S,0.26315880517164864,0.45714,2.2E-4,24,A30,S,0.2105071405569712,0.02143,0.0,38,A30,S,0.05843493820466388,0.04286,0.0
22,A22,M,0.2319479395945867,0.65238,2.8E-4,25,A31,K,0.11985701123873388,0.58559,0.0,39,A31,K,0.05647880714374572,0.5991,0.0
23,A23,S,0.11488815546035763,0.82857,3.1E-4,26,A32,E,0.07354427296619781,0.21256,0.0,40,A32,H,0.05443648099899288,0.69417,0.0
24,A24,G,0.0411570299210628,0.5,4.2E-4,27,A33,L,0.04078660427233743,0.09375,0.0,41,A33,L,0.04798060109727275,0.13542,0.0
25,A25,P,0.02619205651183919,0.67143,6.4E-4,28,A34,K,0.0476643574108796,0.6036,0.0,42,A34,D,0.03599226326259664,0.4,0.0
26,A26,A,0.02829223479639037,0.74783,0.00109,29,A35,N,0.045555489447724494,0.63587,0.0,43,A35,K,0.06119250606013032,0.82883,0.0
27,A27,G,0.03160811171740833,0.69767,0.00213,30,A36,S,0.04694049376945861,0.77857,0.0,44,A36,G,0.08918200880798392,0.5814,1.0E-5
28,A28,S,0.039487047054474984,0.82143,0.0048,31,A37,K,0.06252335924606689,0.71171,0.0,45,A37,T,0.12348257154735616,0.03049,1.0E-5
29,A29,P,0.08024925197969421,0.92143,0.01583,32,A38,S,0.06644567847251888,0.13571,0.0,46,A38,T,0.20728682131084497,0.32317,1.0E-5
30,A30,G,0.20746799528981982,0.72093,0.06334,33,A39,G,0.07561954557895656,0.61628,0.0,47,A39,A,0.3206365664800008,0.57391,1.0E-5
31,A31,L,0.304089181307063,0.98438,0.07785,34,A40,A,0.06921813090642288,0.37391,0.0,48,A40,L,0.4053789069255193,0.25,2.0E-5
32,A32,L,0.41169526875019075,0.60417,0.08684,35,A41,E,0.0949693391269344,0.62802,0.0,49,A41,L,0.49355156024297075,0.0,2.0E-5
33,A33,N,0.46267460087935125,0.54891,0.0893,,,,,,,50,A42,G,0.54313725233078,0.55814,2.0E-5
34,A34,L,0.5085796624422073,0.88542,0.10623,,,,,,,51,A43,L,0.6121203521887462,0.6875,2.0E-5
35,A35,I,0.470921849211057,0.60963,0.11177,36,A42,I,0.17232167895587427,0.05348,1.0E-5,52,A44,L,0.5786739826202393,0.22396,2.0E-5
36,A36,P,0.3453157394612693,0.72857,0.11392,37,A43,P,0.165579878653322,0.45714,1.0E-5,53,A45,N,0.47180324494838716,0.77717,2.0E-5
37,A37,V,0.2541821876649919,0.6646,0.1151,38,A44,I,0.24078561799251472,0.16043,1.0E-5,54,A46,I,0.3933204958836238,0.11765,2.0E-5
38,A38,D,0.14797493909645706,0.44118,0.11549,39,A45,D,0.23322033521059585,0.67059,1.0E-5,55,A47,K,0.2778777013222376,0.66216,2.0E-5
39,A39,L,0.09622177873898179,0.95312,0.12129,40,A46,V,0.25858927504741586,0.47826,1.0E-5,56,A48,I,0.19338800013065335,0.28877,3.0E-5
40,A40,S,0.0785393277292314,0.49286,0.12211,41,A47,L,0.23077987075909426,0.57292,1.0E-5,,,,,,
41,A41,A,0.17741286650149654,0.35652,0.12241,42,A48,S,0.15103424748352454,0.85,1.0E-5,57,A49,G,0.08778508305549615,0.86047,3.0E-5
42,A42,S,0.3149567395448684,0.33571,0.12243,43,A49,G,0.14144670367240902,0.81395,1.0E-5,58,A50,D,0.03972314025668306,0.65294,3.0E-5
43,A43,L,0.4551746974388758,0.22396,0.12243,44,A50,E,0.06799001793066656,0.47343,1.0E-5,59,A51,L,0.03523354953237378,0.125,5.0E-5
44,A44,G,0.5730104247728983,0.56977,0.12236,45,A51,C,0.10922743380069729,0.02685,1.0E-5,60,A52,K,0.0459664704969327,0.59009,6.0E-5
45,A45,C,0.6619022260109584,0.04027,0.12232,46,A52,K,0.09729957878589623,0.45045,1.0E-5,61,A53,D,0.09040229147382582,0.46471,1.2E-4
46,A46,V,0.7180671880642572,0.42236,0.12229,47,A53,N,0.17678006777641708,0.21739,3.0E-5,62,A54,L,0.23126291161485515,0.19271,8.3E-4
47,A47,V,0.7116021106640497,0.35404,0.1222,48,A54,I,0.28941605080641836,0.07487,6.0E-5,63,A55,V,0.33602939670987925,0.00621,0.00125
48,A48,G,0.6607062816619873,0.09302,0.12191,49,A55,P,0.36390207498746646,0.5,6.0E-5,64,A56,G,0.3405609995126724,0.0,0.00131
49,A49,V,0.6075873951117198,0.56522,0.12148,50,A56,I,0.4726160406021032,0.38503,7.0E-5,65,A57,L,0.3426669925451278,0.07812,0.00134
,,,,,,51,A57,N,0.5543548265047624,0.58696,7.0E-5,66,A58,N,0.3268737256526947,0.47283,0.00134
,,,,,,52,A58,I,0.654320368066207,0.29947,7.0E-5,67,A59,C,0.3000605384508768,0.05369,0.00134
,,,,,,53,A59,L,0.6382970929145813,0.00521,7.0E-5,68,A60,S,0.18621452252070106,0.51429,0.00135
,,,,,,54,A60,T,0.6153623630603154,0.54878,7.0E-5,69,A61,P,0.1341108530759811,0.54286,0.00137
,,,,,,55,A61,I,0.633365645011266,0.63102,7.0E-5,70,A62,L,0.2670552531878153,0.45312,0.0014
,,,,,,56,A62,N,0.6023333470026652,0.09239,6.0E-5,71,,S,0.3879984448353449,,0.0014
,,,,,,57,A63,Q,0.5856776634852091,0.34135,6.0E-5,72,,V,0.4931127339601516,,0.0014
,,,,,,58,A64,L,0.5199895461400349,0.52083,6.0E-5,73,,I,0.5468076119820277,,0.0014
,,,,,,59,A65,I,0.49970156736114096,0.04813,6.0E-5,74,,G,0.5590096940596898,,0.0014
,,,,,,60,A66,P,0.45821337388891453,0.09286,6.0E-5,75,,V,0.5466095358133315,,0.0014
50,A50,I,0.5088283131519954,0.55615,0.11862,61,A67,I,0.4342753011677511,0.19251,6.0E-5,76,,G,0.42515836258729295,,0.0014
51,A51,G,0.42597841521104174,0.69767,0.10747,62,A68,N,0.36367298649687047,0.21196,6.0E-5,77,,G,0.3208485960960388,,0.00139
52,A52,S,0.353108881910642,0.34286,0.08639,63,A69,N,0.27363327529965314,0.38043,6.0E-5,78,,N,0.21799987951914465,,0.00138
53,A53,Q,0.32801530559857683,0.70192,0.03281,64,A70,F,0.27482295222022607,0.11739,6.0E-5,79,A71,S,0.1819941053787867,1.0,0.00136
54,A54,C,0.2970237304766973,0.20805,0.02703,65,A71,C,0.2739997287591298,0.20134,5.0E-5,80,A72,C,0.2185910840829213,0.27517,0.00124
55,A55,G,0.2326263427734375,0.84884,0.02425,66,A72,S,0.24755154550075528,0.8,4.0E-5,81,A73,S,0.2625977744658788,0.95714,0.00115
56,A56,A,0.2815086513757705,0.17391,0.0229,67,A73,D,0.25888615846633906,0.30588,1.0E-5,82,A74,A,0.37515108784039813,0.29565,8.8E-4
57,A57,S,0.3097947398821513,0.37143,0.01264,68,A74,T,0.33413082559903456,0.26829,1.0E-5,83,A75,Q,0.48685010870297746,0.44712,6.9E-4
58,A58,V,0.34051216840744014,0.2236,0.00904,69,A75,V,0.4139949709177017,0.11801,1.0E-5,84,A76,T,0.6007903635501862,0.20732,6.7E-4
59,A59,K,0.2687233467896779,0.1036,0.00214,70,A76,S,0.4009060184160868,0.01429,1.0E-5,85,A77,V,0.6909442633390427,0.0,5.5E-4
60,A60,C,0.21373403569062546,0.00671,0.00169,71,A77,C,0.3798139760891597,0.03356,1.0E-5,86,A78,C,0.7152771850426992,0.08054,1.5E-4
61,A61,C,0.18640805284182227,0.0,0.00136,72,A78,C,0.36248022218545284,0.0,1.0E-5,87,A79,C,0.6695558875799179,0.02013,9.0E-5
62,A62,K,0.11868812334093183,0.32883,4.0E-5,73,A79,S,0.28889419933160143,0.12143,1.0E-5,88,A80,T,0.577011971672376,0.5122,7.0E-5
63,A63,D,0.08058293850772312,0.10588,0.0,74,A80,G,0.2317796985308329,0.12791,1.0E-5,89,A81,N,0.47484520971775046,0.40217,7.0E-5
64,A64,D,0.035405389383959075,0.77059,1.0E-5,75,A81,E,0.23355778257052104,0.44444,1.0E-5,90,A82,T,0.39290087223052983,0.34146,7.0E-5
,,,,,,,,,,,,91,A83,Y,0.3490367273489634,0.29183,7.0E-5
65,A65,V,0.04342754474831353,0.2795,2.0E-5,76,A82,Q,0.3367651969194412,0.59135,1.0E-5,92,A84,Q,0.3465445935726166,0.64423,6.0E-5
66,A66,T,0.0473452388401104,0.60366,2.0E-5,77,A83,I,0.4672607908646265,0.95722,1.0E-5,93,A85,H,0.4442621101935704,0.96602,4.0E-5
67,A67,N,0.06081240268104008,0.8587,2.0E-5,78,A84,G,0.6017485926548639,0.68605,1.0E-5,94,A86,G,0.5503366827964783,0.03488,4.0E-5
68,A68,T,0.08461910188198085,0.84146,2.0E-5,79,A85,L,0.7351044664780298,0.34375,1.0E-5,95,A87,L,0.6694261501232783,0.35938,4.0E-5
69,A69,G,0.17650857667128242,0.62791,2.0E-5,80,A86,V,0.8460453609625498,0.93789,1.0E-5,96,A88,V,0.7513754467169443,0.0,3.0E-5
70,A70,N,0.2536074231068293,0.44022,2.0E-5,81,A87,N,0.8243927240371703,0.67391,0.0,97,A89,N,0.7327296465635299,0.0,3.0E-5
71,A71,S,0.3986639529466629,0.85714,2.0E-5,,,,,,,,,,,,
72,A72,F,0.5442061980565388,0.3,2.0E-5,,,,,,,,,,,,
73,A73,L,0.6776518235603968,0.34375,2.0E-5,,,,,,,,,,,,
74,A74,I,0.6908809155225754,0.28877,2.0E-5,,,,,,,,,,,,
75,A75,I,0.6124818821748098,0.00535,2.0E-5,82,A88,I,0.7968948344389598,0.1016,0.0,98,A90,V,0.731395846605301,0.03106,3.0E-5
76,A76,N,0.5935649792353312,0.31522,2.0E-5,83,A89,Q,0.7313722282648087,0.48558,0.0,99,A91,G,0.6416475792725881,0.17442,3.0E-5
77,A77,A,0.5484241386254629,0.2087,2.0E-5,84,A90,C,0.6649391382932663,0.02685,0.0,100,A92,C,0.6030710428953171,0.0,3.0E-5
78,A78,A,0.4725388693809509,0.56522,2.0E-5,85,A91,T,0.6160196936130524,0.46951,0.0,101,A93,T,0.47862946093082437,0.31707,3.0E-5
79,A79,N,0.36403184831142427,0.41304,2.0E-5,86,A92,P,0.5522147968411445,0.27143,0.0,102,A94,P,0.4174113164345424,0.67143,3.0E-5
80,A80,C,0.39765308499336244,0.32886,2.0E-5,87,A93,I,0.5745270748933157,0.05882,0.0,103,A95,I,0.4178868913650513,0.2246,3.0E-5
81,A81,V,0.5398741632699966,0.39752,2.0E-5,88,A94,L,0.5041528433561324,0.54167,0.0,104,A96,N,0.3747906967997551,0.69565,3.0E-5
82,A82,A,0.679522180557251,1.0,0.0,89,A95,S,0.46906152963638303,1.0,0.0,105,A97,I,0.4010678470134735,0.46524,3.0E-5
,,,,,,,,,,,,106,A98,G,0.27444295287132264,0.62791,2.0E-5
,,,,,,,,,,,,107,A99,L,0.37944598197937013,1.0,0.0
